to,status,content
+51 543 851 3073,0,Phasellus sit amet erat. Nulla tempus. Vivamus in felis eu sapien cursus vestibulum.
+62 400 484 2161,0,Duis consequat dui nec nisi volutpat eleifend. Donec ut dolor. Morbi vel lectus in quam fringilla rhoncus.
+86 783 389 9398,0,In quis justo. Maecenas rhoncus aliquam lacus. Morbi quis tortor id nulla ultrices aliquet.
+7 905 641 2889,0,"Proin leo odio, porttitor id, consequat in, consequat ut, nulla. Sed accumsan felis. Ut at dolor quis odio consequat varius."
+51 903 572 5940,0,"Fusce posuere felis sed lacus. Morbi sem mauris, laoreet ut, rhoncus aliquet, pulvinar sed, nisl. Nunc rhoncus dui vel sem."
+51 392 241 6904,0,Aliquam quis turpis eget elit sodales scelerisque. Mauris sit amet eros. Suspendisse accumsan tortor quis turpis.
+86 624 173 3306,0,Integer ac leo. Pellentesque ultrices mattis odio. Donec vitae nisi.
+30 414 580 6427,0,"Nam ultrices, libero non mattis pulvinar, nulla pede ullamcorper augue, a suscipit nulla elit ac nulla. Sed vel enim sit amet nunc viverra dapibus. Nulla suscipit ligula in lacus."
+33 584 877 4618,0,Maecenas ut massa quis augue luctus tincidunt. Nulla mollis molestie lorem. Quisque ut erat.
+7 703 410 8278,0,"Proin leo odio, porttitor id, consequat in, consequat ut, nulla. Sed accumsan felis. Ut at dolor quis odio consequat varius."
+86 984 868 7425,0,Fusce consequat. Nulla nisl. Nunc nisl.
+381 666 952 4284,0,"Maecenas tristique, est et tempus semper, est quam pharetra magna, ac consequat metus sapien ut nunc. Vestibulum ante ipsum primis in faucibus orci luctus et ultrices posuere cubilia Curae; Mauris"
+98 583 262 8031,0,"Curabitur in libero ut massa volutpat convallis. Morbi odio odio, elementum eu, interdum eu, tincidunt in, leo. Maecenas pulvinar lobortis est."
+212 538 984 2249,0,Cras non velit nec nisi vulputate nonummy. Maecenas tincidunt lacus at velit. Vivamus vel nulla eget eros elementum pellentesque.
+238 735 748 2609,0,Aliquam quis turpis eget elit sodales scelerisque. Mauris sit amet eros. Suspendisse accumsan tortor quis turpis.
+86 780 148 2566,0,"Quisque porta volutpat erat. Quisque erat eros, viverra eget, congue eget, semper rutrum, nulla. Nunc purus."
+992 780 152 0047,0,"Vestibulum ac est lacinia nisi venenatis tristique. Fusce congue, diam id ornare imperdiet, sapien urna pretium nisl, ut volutpat sapien arcu sed augue. Ali"
+86 608 778 8738,0,"Morbi non lectus. Aliquam sit amet diam in magna bibendum imperdiet. Nullam orci pede, venenatis non, sodales sed, tincidunt eu, felis."
+33 577 586 8936,0,"Cras mi pede, malesuada in, imperdiet et, commodo vulputate, justo. In blandit ultrices enim. Lorem ipsum dolor sit amet, consectetuer adipiscing elit."
+98 354 412 4417,0,Phasellus in felis. Donec semper sapien a libero. Nam dui.
+51 542 953 8722,0,"Proin interdum mauris non ligula pellentesque ultrices. Phasellus id sapien in sapien iaculis congue. Vivamus metus arcu, adipiscing molestie, hendrerit at, vulputate vitae, nisl."
+34 871 890 1137,0,Sed ante. Vivamus tortor. Duis mattis egestas metus.
+380 154 683 0859,0,"Proin leo odio, porttitor id, consequat in, consequat ut, nulla. Sed accumsan felis. Ut at dolor quis odio consequat varius."
+62 530 932 5797,0,Duis aliquam convallis nunc. Proin at turpis a pede posuere nonummy. Integer non velit.
+86 346 840 4410,0,"Vestibulum quam sapien, varius ut, blandit non, interdum in, ante. Vestibulum ante ipsum primis in faucibus orci luctus et ultrices posuere cubilia Curae; Duis faucibus accumsan odio. Curabi"
+95 692 538 5282,0,"Fusce posuere felis sed lacus. Morbi sem mauris, laoreet ut, rhoncus aliquet, pulvinar sed, nisl. Nunc rhoncus dui vel sem."
+56 813 790 6200,0,Nullam sit amet turpis elementum ligula vehicula consequat. Morbi a ipsum. Integer a nibh.
+371 166 786 8941,0,Nulla ut erat id mauris vulputate elementum. Nullam varius. Nulla facilisi.
+62 392 817 2622,0,In congue. Etiam justo. Etiam pretium iaculis justo.
+63 516 128 8456,0,"Proin leo odio, porttitor id, consequat in, consequat ut, nulla. Sed accumsan felis. Ut at dolor quis odio consequat varius."
+351 282 170 6959,0,"Quisque porta volutpat erat. Quisque erat eros, viverra eget, congue eget, semper rutrum, nulla. Nunc purus."
+7 286 646 1432,0,Quisque id justo sit amet sapien dignissim vestibulum. Vestibulum ante ipsum primis in faucibus orci luctus et ultrices posuere cubilia Curae; Nulla dapibus do
+52 408 409 1257,0,Suspendisse potenti. In eleifend quam a odio. In hac habitasse platea dictumst.
+63 491 995 8121,0,"Cras mi pede, malesuada in, imperdiet et, commodo vulputate, justo. In blandit ultrices enim. Lorem ipsum dolor sit amet, consectetuer adipiscing elit."
+62 673 293 1367,0,In quis justo. Maecenas rhoncus aliquam lacus. Morbi quis tortor id nulla ultrices aliquet.
+62 611 939 5594,0,Sed ante. Vivamus tortor. Duis mattis egestas metus.
+55 268 631 4967,0,"Curabitur gravida nisi at nibh. In hac habitasse platea dictumst. Aliquam augue quam, sollicitudin vitae, consectetuer eget, rutrum at, lorem."
+1 647 124 6052,0,"Quisque porta volutpat erat. Quisque erat eros, viverra eget, congue eget, semper rutrum, nulla. Nunc purus."
+57 632 247 0360,0,Integer ac leo. Pellentesque ultrices mattis odio. Donec vitae nisi.
+351 682 558 7196,0,Pellentesque at nulla. Suspendisse potenti. Cras in purus eu magna vulputate luctus.
+389 794 366 2598,0,"Vestibulum quam sapien, varius ut, blandit non, interdum in, ante. Vestibulum ante ipsum primis in faucibus orci luctus et ultrices posuere cubilia Curae; Duis faucibus accumsan odio. Curabitur con"
+62 975 517 5946,0,In congue. Etiam justo. Etiam pretium iaculis justo.
+7 946 143 4387,0,Duis aliquam convallis nunc. Proin at turpis a pede posuere nonummy. Integer non velit.
+225 693 445 8272,0,Phasellus in felis. Donec semper sapien a libero. Nam dui.
+62 405 430 2802,0,Phasellus sit amet erat. Nulla tempus. Vivamus in felis eu sapien cursus vestibulum.
+86 177 450 9344,0,"Maecenas tristique, est et tempus semper, est quam pharetra magna, ac consequat metus sapien ut nunc. Vestibulum ante ipsum primis in faucibus orci luctus et ultrices posuere "
+81 542 823 2329,0,Aliquam quis turpis eget elit sodales scelerisque. Mauris sit amet eros. Suspendisse accumsan tortor quis turpis.
+55 192 214 4401,0,Duis consequat dui nec nisi volutpat eleifend. Donec ut dolor. Morbi vel lectus in quam fringilla rhoncus.
+86 806 858 6076,0,"Duis bibendum, felis sed interdum venenatis, turpis enim blandit mi, in porttitor pede justo eu massa. Donec dapibus. Duis at velit eu est congue elementum."
+62 258 398 1940,0,"Proin eu mi. Nulla ac enim. In tempor, turpis nec euismod scelerisque, quam turpis adipiscing lorem, vitae mattis nibh ligula nec sem."
+33 213 353 8963,0,Praesent id massa id nisl venenatis lacinia. Aenean sit amet justo. Morbi ut odio.
+256 659 576 3494,0,Duis aliquam convallis nunc. Proin at turpis a pede posuere nonummy. Integer non velit.
+420 588 523 1990,0,"Duis bibendum, felis sed interdum venenatis, turpis enim blandit mi, in porttitor pede justo eu massa. Donec dapibus. Duis at velit eu est congue elementum."
+64 282 555 2893,0,Aenean lectus. Pellentesque eget nunc. Donec quis orci eget orci vehicula condimentum.
+212 751 525 8943,0,Fusce consequat. Nulla nisl. Nunc nisl.
+33 444 170 5354,0,Duis aliquam convallis nunc. Proin at turpis a pede posuere nonummy. Integer non velit.
+62 443 205 1614,0,"Praesent blandit. Nam nulla. Integer pede justo, lacinia eget, tincidunt eget, tempus vel, pede."
+48 215 430 7657,0,"Aenean fermentum. Donec ut mauris eget massa tempor convallis. Nulla neque libero, convallis eget, eleifend luctus, ultricies eu, nibh."
+51 360 748 1432,0,Aenean lectus. Pellentesque eget nunc. Donec quis orci eget orci vehicula condimentum.
+55 289 940 8825,0,Aliquam quis turpis eget elit sodales scelerisque. Mauris sit amet eros. Suspendisse accumsan tortor quis turpis.
+84 839 389 3640,0,Nullam porttitor lacus at turpis. Donec posuere metus vitae ipsum. Aliquam non mauris.
+86 814 395 3628,0,Integer ac leo. Pellentesque ultrices mattis odio. Donec vitae nisi.
+7 951 337 2976,0,Aliquam quis turpis eget elit sodales scelerisque. Mauris sit amet eros. Suspendisse accumsan tortor quis turpis.
+63 746 468 0858,0,Pellentesque at nulla. Suspendisse potenti. Cras in purus eu magna vulputate luctus.
+66 402 183 9244,0,"Donec diam neque, vestibulum eget, vulputate ut, ultrices vel, augue. Vestibulum ante ipsum primis in faucibus orci luctus et ultrices posuere cubilia Curae; Donec pharetra, magna"
+27 764 815 8058,0,"Morbi non lectus. Aliquam sit amet diam in magna bibendum imperdiet. Nullam orci pede, venenatis non, sodales sed, tincidunt eu, felis."
+86 281 576 3558,0,Nulla ut erat id mauris vulputate elementum. Nullam varius. Nulla facilisi.
+55 257 227 7402,0,"Praesent blandit. Nam nulla. Integer pede justo, lacinia eget, tincidunt eget, tempus vel, pede."
+234 459 226 4209,0,Sed ante. Vivamus tortor. Duis mattis egestas metus.
+86 281 113 8801,0,Pellentesque at nulla. Suspendisse potenti. Cras in purus eu magna vulputate luctus.
+357 388 401 5868,0,"In hac habitasse platea dictumst. Morbi vestibulum, velit id pretium iaculis, diam erat fermentum justo, nec condimentum neque sapien placerat ante. Nulla justo."
+62 619 435 6476,0,In hac habitasse platea dictumst. Etiam faucibus cursus urna. Ut tellus.
+299 213 241 3210,0,"Morbi porttitor lorem id ligula. Suspendisse ornare consequat lectus. In est risus, auctor sed, tristique in, tempus sit amet, sem."
+86 246 828 2722,0,"Vestibulum quam sapien, varius ut, blandit non, interdum in, ante. Vestibulum ante ipsum primis in faucibus orci luctus et ultrices posuere cubilia Curae; Duis faucibus accum"
+255 720 702 1970,0,Sed ante. Vivamus tortor. Duis mattis egestas metus.
+86 399 837 2457,0,"Quisque id justo sit amet sapien dignissim vestibulum. Vestibulum ante ipsum primis in faucibus orci luctus et ultrices posuere cubilia Curae; Nulla dapibus dolor vel est. Donec odio justo, sollicitudi"
+598 683 185 1461,0,Fusce consequat. Nulla nisl. Nunc nisl.
+86 707 398 3145,0,Integer ac leo. Pellentesque ultrices mattis odio. Donec vitae nisi.
+51 703 998 7183,0,"Proin leo odio, porttitor id, consequat in, consequat ut, nulla. Sed accumsan felis. Ut at dolor quis odio consequat varius."
+598 202 997 7224,0,Duis bibendum. Morbi non quam nec dui luctus rutrum. Nulla tellus.
+86 571 177 3067,0,"Fusce posuere felis sed lacus. Morbi sem mauris, laoreet ut, rhoncus aliquet, pulvinar sed, nisl. Nunc rhoncus dui vel sem."
+375 186 374 4911,0,"Sed sagittis. Nam congue, risus semper porta volutpat, quam pede lobortis ligula, sit amet eleifend pede libero quis orci. Nullam molestie nibh in lectus."
+7 802 917 8171,0,"Morbi porttitor lorem id ligula. Suspendisse ornare consequat lectus. In est risus, auctor sed, tristique in, tempus sit amet, sem."
+86 404 166 5960,0,"Morbi porttitor lorem id ligula. Suspendisse ornare consequat lectus. In est risus, auctor sed, tristique in, tempus sit amet, sem."
+86 881 315 2438,0,Cras non velit nec nisi vulputate nonummy. Maecenas tincidunt lacus at velit. Vivamus vel nulla eget eros elementum pellentesque.
+63 563 131 2452,0,"Praesent blandit. Nam nulla. Integer pede justo, lacinia eget, tincidunt eget, tempus vel, pede."
+62 245 214 6432,0,"Aenean fermentum. Donec ut mauris eget massa tempor convallis. Nulla neque libero, convallis eget, eleifend luctus, ultricies eu, nibh."
+81 434 989 3855,0,In hac habitasse platea dictumst. Etiam faucibus cursus urna. Ut tellus.
+7 256 995 5025,0,Integer tincidunt ante vel ipsum. Praesent blandit lacinia erat. Vestibulum sed magna at nunc commodo placerat.
+386 127 739 7703,0,Pellentesque at nulla. Suspendisse potenti. Cras in purus eu magna vulputate luctus.
+98 950 584 5505,0,In congue. Etiam justo. Etiam pretium iaculis justo.
+57 952 307 5186,0,"Proin leo odio, porttitor id, consequat in, consequat ut, nulla. Sed accumsan felis. Ut at dolor quis odio consequat varius."
+55 891 273 5631,0,Duis bibendum. Morbi non quam nec dui luctus rutrum. Nulla tellus.
+86 377 793 3147,0,"In sagittis dui vel nisl. Duis ac nibh. Fusce lacus purus, aliquet at, feugiat non, pretium quis, lectus."
+62 284 230 9161,0,"Proin eu mi. Nulla ac enim. In tempor, turpis nec euismod scelerisque, quam turpis adipiscing lorem, vitae mattis nibh ligula nec sem."
+351 334 624 0415,0,"Duis bibendum, felis sed interdum venenatis, turpis enim blandit mi, in porttitor pede justo eu massa. Donec dapibus. Duis at velit eu est congue elementum."
+507 309 357 1092,0,Aliquam quis turpis eget elit sodales scelerisque. Mauris sit amet eros. Suspendisse accumsan tortor quis turpis.
+351 840 546 1723,0,"Vestibulum quam sapien, varius ut, blandit non, interdum in, ante. Vestibulum ante ipsum primis in faucibus orci luctus et ultrices posuere cubilia Curae; Duis faucibus accumsan odio. Cur"
+7 574 402 0676,0,Phasellus in felis. Donec semper sapien a libero. Nam dui.
+46 610 983 4909,0,"Maecenas tristique, est et tempus semper, est quam pharetra magna, ac consequat metus sapien ut nunc. Vestibulum ante ipsum primis in faucibus orci luctus et ultrices posuere cubilia Curae; Mauris"
